Pearson,Spearman,Adjusted_R2,R2,MAE,MSE
0.31945562954217654,0.2907752748237728,-0.15652601127400034,0.09489268682904328,1.3645321511207742,2.8427499043821185
