Pearson,Spearman,Adjusted_R2,R2,MAE,MSE
0.3315951937474977,0.2649371335459241,-6.300398606311725,-5.992364909842875,2.4777344314991927,6.988414700162856
