Pearson,Spearman,Adjusted_R2,R2,MAE,MSE
0.44033755802935043,0.3993203440722457,-0.028178948041643226,0.1905825302650893,1.315532257159551,2.4563571824594157
