Metric,Correlation,P-Value
Pearson,0.12863231662430522,0.047452671494090236
Spearman,0.13267405265698928,0.04084806487968589
