Metric,Correlation,P-Value
Pearson,0.20600275977988958,0.0013950697376642238
Spearman,0.21013907239798713,0.0011090614025966018
