Pearson,Spearman,Adjusted_R2,R2,MAE,MSE
0.6921007371984875,0.6488315439248642,0.3529928493684993,0.3807613966059028,1.1130633191165762,1.893599440991143
