Metric,Correlation,P-Value
Pearson,0.14479164154379653,0.025498840672288234
Spearman,0.12854927544225583,0.047597212575365117
