Pearson,Spearman,Adjusted_R2,BIC
0.26763057411123525,0.23275905163499985,0.03919384906196033,50150.44136148894
