Pearson,Spearman,Adjusted_R2,R2,MAE,MSE
0.6701143785304784,0.6121208246493305,0.3479139342647408,0.3759004606911468,1.5526013629049318,3.4648603121688257
