Metric,Correlation,P-Value
Pearson,0.28775876511902465,7.703303524692278e-06
Spearman,0.3220049902453141,4.801646454157886e-07
Adjusted R²,0.07486402557730987,
BIC,1127.4954269035406,
