Pearson,Spearman,Adjusted_R2,BIC
0.1491233797809621,0.19432581018435077,-0.04597818627265893,803.2685845182785
