Metric,Correlation,P-Value
Pearson,0.27967882333236727,1.1885664303589555e-05
Spearman,0.25421110624228266,7.29398097216972e-05
