Pearson,Spearman,Adjusted_R2,R2,MAE,MSE
0.653297903833636,0.6256243361408925,0.2634132469129453,0.42013383267614846,0.5889742394288381,0.5297596650266921
