Pearson,Spearman,Adjusted_R2,R2,MAE,MSE
0.6087145852176141,0.5631428611442693,0.33601094042330626,0.3645083249544948,1.1814989167400913,2.0881418961549847
