Pearson,Spearman,Adjusted_R2,BIC
-0.01602025973752942,-0.06874189034472966,-0.021959870195229714,800.7900426015889
