Pearson,Spearman,Adjusted_R2,BIC
0.3037005512392137,0.3109435558197914,0.0641173795741572,51850.88497583572
