Metric,Correlation,P-Value
Pearson,0.287758765119025,7.703303524692145e-06
Spearman,0.3220049902453141,4.801646454157886e-07
