Pearson,Spearman,Adjusted_R2,BIC
0.29391006988399343,0.296589254024307,0.05808526149892412,51852.62033385086
