Pearson,Spearman,Adjusted_R2,BIC
0.1793142279958911,0.15629537898550447,-0.0016576358526738666,50498.21336226633
