Metric,Correlation,P-Value
Pearson,0.4806968461001899,6.219985347933522e-15
Spearman,0.531240925146903,1.9233131296880173e-18
