Metric,Correlation,P-Value
Pearson,0.16687062115879128,0.010560556445473069
Spearman,0.19751729126258438,0.002403669269467594
