Pearson,Spearman
0.1790201479948169,0.18097498804030593
