Metric,Value
Adjusted R2 Score,0.610120449418168
Mean Absolute Error,0.2591687174179876
Mean Squared Error,0.19453261126635701
Pearson Correlation,0.8373199391172051
Spearman Correlation,0.8047235106485394
