Metric,Value
Adjusted R2 Score,0.7344045219597336
Mean Absolute Error,0.6930235107987456
Mean Squared Error,1.787456518336987
Pearson Correlation,0.8831466365111873
Spearman Correlation,0.86968057964392
