Metric,Correlation,P-Value
Pearson,0.1344180242746622,0.038247173574766355
Spearman,0.12411807294338935,0.055860879208839066
