Pearson,Spearman,Adjusted_R2,BIC
0.20345025950383458,0.22287274760758355,0.00730816837989956,51782.45431468303
