Pearson,Spearman,Adjusted_R2,R2,MAE,MSE
0.4202585057192837,0.4871098388068762,-0.048654302810492656,0.17446363395769737,0.975976288318634,1.7069684235353861
