Metric,Correlation,P-Value
Pearson,0.05177765083411384,0.426546772218319
Spearman,0.03489491032599824,0.5921925864915949
