Task,P1,P2,P3,P4,P5,P6,AVG_P_Rating
Q1,8,10,4,8,3,4,6.166666666666667
Q2,9,10,8,9,4,9,8.166666666666666
Q3,9,10,6,6,3,7,6.833333333333333
Q4,10,10,8,7,1,5,6.833333333333333
Q5,9,10,1,2,1,1,4.0
