Task,Painting,P1,P2,P3,P4,P5,P6,GT,AVG_P_Rating
Q1,8.jpg,8,10,4,8,3,4,4.42,6.166666666666667
Q2,22.jpg,9,10,8,9,4,9,3.67,8.166666666666666
Q3,38.jpg,9,10,6,6,3,7,2.79,6.833333333333333
Q4,184.jpg,10,10,8,7,1,5,7.0,6.833333333333333
Q5,149.jpg,9,10,1,2,1,1,6.69,4.0
