Task,Painting,P1,P2,P3,P4,P5,P6,GT,AVG_P_Rating
Q6,40.jpg,10,10,10,9,10,10,4.84,9.833333333333334
Q7,75.jpg,10,10,7,6,9,8,2.8,8.333333333333334
Q8,184.jpg,10,10,6,7,8,5,6.71,7.666666666666667
Q9,193.jpg,9,10,6,8,9,8,5.88,8.333333333333334
Q10,18.jpg,4,10,5,5,8,7,4.02,6.5
