Task,Painting,P1,P2,P3,P4,P5,P6,GT,AVG_P_Rating
Q6,40.jpg,4,10,8,8,10,10,4.8,8.333333333333334
Q7,75.jpg,7,10,7,5,10,6,3.1,7.5
Q8,184.jpg,3,10,6,3,8,4,6.29,5.666666666666667
Q9,193.jpg,2,10,6,3,9,6,5.61,6.0
Q10,18.jpg,9,10,5,4,7,7,3.7,7.0
