Task,P1,P2,P3,P4,P5,P6,AVG_P_Rating
Q6,4,10,8,8,10,10,8.333333333333334
Q7,7,10,7,5,10,6,7.5
Q8,3,10,6,3,8,4,5.666666666666667
Q9,2,10,6,3,9,6,6.0
Q10,9,10,5,4,7,7,7.0
