Task,P1,P2,P3,P4,P5,P6,AVG_P_Rating
Q6,10,10,10,9,10,10,9.833333333333334
Q7,10,10,7,6,9,8,8.333333333333334
Q8,10,10,6,7,8,5,7.666666666666667
Q9,9,10,6,8,9,8,8.333333333333334
Q10,4,10,5,5,8,7,6.5
