Pearson,Spearman,Adjusted_R2,BIC
0.18616400081504847,0.19671996025307759,0.0009332635033768577,50371.907457689005
