Pearson,Spearman,Adjusted_R2,BIC
-0.014371628867450824,-0.00760609834974888,-0.03534166806267214,51029.380469300835
