Metric,Correlation,P-Value
Pearson,0.22508410938355167,0.0004667348559640089
Spearman,0.1886329082034861,0.0034887157142768537
