Pearson,Spearman,Adjusted_R2,R2,MAE,MSE
0.5943751895463283,0.6111566470377,-0.4756372661820145,-0.41230519467205684,1.5577485989301632,3.531356218827805
