Pearson,Spearman,Adjusted_R2,BIC
0.0018092246062159784,0.016782868078663204,-0.02173578598254866,876.3365644615192
