Pearson,Spearman,Adjusted_R2,BIC
0.2280883666939139,0.2152235607865251,0.01890724810480393,50448.20873957
