Pearson,Spearman,Adjusted_R2,R2,MAE,MSE
0.5046331566171028,0.42354175804663646,0.17082461977556296,0.20641154596545286,1.595644289611751,3.4667826684476166
