N,rho,rs
1,0.2387942661137151,0.20824282442454117
2,0.2536962906419609,0.22817610678222514
3,0.2614656069757403,0.23299395135152237
4,0.2943184100716003,0.2590270654269548
5,0.28759287032370684,0.26150884460213464
6,0.2770809369236922,0.24794609752418822
7,0.2884855789708046,0.25274209893795735
8,0.3002111410927549,0.2691936794199651
9,0.2747460539032716,0.2452702275623067
10,0.2867659677394048,0.26195967054026215
