rho,rs
0.5630858774594856,0.5020063202335078
