N,rho,rs
1,0.4938688352542971,0.4446845807614644
2,0.4653962052824381,0.4185720965669368
3,0.5276473251420231,0.475157278220951
4,0.5306538937438292,0.4966835614721149
5,0.5324850311709513,0.4770336724173155
6,0.5430816422664166,0.4814518659116567
7,0.5258114297327116,0.4669372071031684
8,0.5766569697103837,0.5148986428329136
9,0.5536534685329388,0.4945047209153784
10,0.5390227531239754,0.470347027201851
