rho,rs
0.20250312492944061,0.17622987992461006
