rho,rs
0.6490054004312888,0.5938202547279424
