N,rho,rs
1,0.1040395644416402,0.09511472609562655
2,0.09403669170329361,0.07954972253437241
3,0.13837145706601395,0.11953111008168378
4,0.13215619687266716,0.1096018914843068
5,0.11196575091643608,0.10135565829536661
6,0.1111638576436641,0.0987484634459825
7,0.12899399307394113,0.11461248755989514
8,0.11460795062946602,0.09261611676318127
9,0.12343870171110453,0.1059338590549694
10,0.09762186930523556,0.08720174615177834
