rho,rs
0.3589443418275129,0.31649837420108595
