rho,rs
0.6664399397367491,0.6580708777368008
