N,rho,rs
1,0.25835356002747467,0.24005930317552462
2,0.29007561539107213,0.2749334227749702
3,0.2802563537658368,0.27192616518195467
4,0.28717010287818334,0.2750004533556142
5,0.28383756830086077,0.26760500544580246
6,0.2839589131952671,0.28283306502546857
7,0.2915227070448368,0.2788477432312758
8,0.28914534759356936,0.2774699949768319
9,0.27232433768162034,0.257563402293732
10,0.2754465022961286,0.26738188076663194
