rho,rs
0.6309855358724438,0.6173028531683596
