rho,rs
0.26204683910645354,0.2551116595386439
