rho,rs
0.2407999301224728,0.2422575908590921
