Pearson,Spearman,Adjusted_R2,R2,MAE,MSE
0.39621625739641786,0.3988508451996308,0.10192982142312668,0.1398230779031635,1.5827138123392057,3.5375315012411246
