Metric,Correlation,P-Value
Pearson,0.43741434457076045,2.3534611497626495e-12
Spearman,0.4364517194582459,2.6607391437000007e-12
