Metric,Correlation,P-Value
Pearson,0.23201389456103771,0.00030634501575747407
Spearman,0.2336485039607606,0.00027686964036071016
