Pearson,Spearman,Adjusted_R2,R2,MAE,MSE
0.4682851766446551,0.4382279304116756,-0.039104324763661324,0.1819817017817985,1.1681321461995442,1.9083543198449793
