Pearson,Spearman,Adjusted_R2,R2,MAE,MSE
,,-0.2777777777777777,0.0,0.08255997109920421,0.011334036202068555
