Pearson,Spearman,Adjusted_R2,BIC
0.3228752262947181,0.3188814445456445,0.07295577985110524,50300.36346655845
