Pearson,Spearman
0.17371369073844575,0.18703835657725168
