Pearson,Spearman
0.2460054384255207,0.30073645008677946
