Pearson,Spearman,Adjusted_R2,BIC
0.4542675646493722,0.4817455116647745,0.13077416508223072,726.1066439451929
