Metric,Value
Adjusted R2 Score,0.637155975233636
Mean Absolute Error,0.2758150254186364
Mean Squared Error,0.2798734277071195
Pearson Correlation,0.8248688030723911
Spearman Correlation,0.8425243585015794
