Pearson,Spearman,Adjusted_R2,BIC
0.15521490164218668,0.11829328688145757,-0.01928203805523787,682.0559780877835
