Pearson,Spearman,Adjusted_R2,BIC
0.2600587997342102,0.22195237175166363,0.03505872182816561,50324.001346462406
