Pearson,Spearman,Adjusted_R2,R2,MAE,MSE
0.7150976732720813,0.7329865355041117,0.2739310257875811,0.3045668474843076,1.7796348253218066,4.1393152614597
