Pearson,Spearman,Adjusted_R2,R2,MAE,MSE
0.43166386201889684,0.434552249112474,-0.04367495537508548,0.17838354576854965,0.7792782584826151,0.9496374208412988
