Pearson,Spearman,Adjusted_R2,R2,MAE,MSE
0.7261665074782244,0.721679437814614,0.3860194336081929,0.4119257866205055,1.1574693467436719,1.9283817648817319
