Pearson,Spearman,Adjusted_R2,R2,MAE,MSE
0.5020815934487382,0.590042608972433,-0.029041772997202564,0.19466296026305874,1.1211459788870304,1.9504541252116956
