Pearson,Spearman
0.3307464626695635,0.3298156044283273
