Pearson,Spearman,Adjusted_R2,BIC
0.18609812514144036,0.1743816872885215,-0.009247828174242745,694.3461889614302
