Pearson,Spearman,Adjusted_R2,BIC
0.06410056535698352,0.05683314118421941,-0.017540924423543824,769.4912736995453
