Pearson,Spearman,Adjusted_R2,BIC
0.2721248367185524,0.2675205362490431,0.0411293285994222,51806.65411120536
