Pearson,Spearman,Adjusted_R2,R2,MAE,MSE
0.32522489657026044,0.3667418641944684,-0.16285878682670218,0.08993660161388528,1.335390938089249,2.5740498474949947
