Pearson,Spearman
0.13358819475661748,0.1552932066995047
