Metric,Correlation,P-Value
Pearson,0.1891820297866008,0.003392957926864048
Spearman,0.1637711945576797,0.011395061293713149
