Metric,Correlation,P-Value
Pearson,0.548487768728201,4.2838617944088155e-20
Spearman,0.5725857519979801,3.9281877524839714e-22
Adjusted R²,0.28577070383332936,
BIC,598.3147662876587,
