Metric,Correlation,P-Value
Pearson,0.18918202978660084,0.003392957926864048
Spearman,0.1637711945576797,0.011395061293713149
Adjusted R²,0.03170420412466224,
BIC,1006.5672827486001,
