Pearson,Spearman,Adjusted_R2,BIC
0.1307538816492618,0.11574661179312,0.00451325552970686,741.1747506986965
