Pearson,Spearman,Adjusted_R2,R2,MAE,MSE
0.34358834385897036,0.33799735619287624,-0.12280146158919855,0.11609246640850324,1.3840873777866363,3.0256239361683126
