Pearson,Spearman,Adjusted_R2,BIC
0.22550795624347725,0.20834099379441628,0.030220226118873206,545.4614104881681
