Pearson,Spearman,Adjusted_R2,BIC
0.2608278881335166,0.2542697234141899,0.039164896567116414,51697.53887769956
