Pearson,Spearman,Adjusted_R2,BIC
0.1267145311294731,0.09200906761211243,-0.01831699712380419,50299.50134934096
