Pearson,Spearman,Adjusted_R2,BIC
0.36236804634812336,0.3414024247384128,0.11242604886228946,717.4961470337093
