Pearson,Spearman,Adjusted_R2,R2,MAE,MSE
0.5740045739158786,0.5608507370898332,0.2424030660338753,0.2749179559036661,2.030339670996381,5.341488044657582
