Pearson,Spearman,Adjusted_R2,BIC
0.30481030929310304,0.2927309807069648,0.061220567433937334,50441.69016046349
