Pearson,Spearman,Adjusted_R2,R2,MAE,MSE
-0.026615287340153518,-0.03461075147964719,-35.88313810671411,-34.300170805996764,4.439608709424989,20.258466056827423
