Pearson,Spearman,Adjusted_R2,R2,MAE,MSE
0.5828182614343511,0.5839141864039725,-0.6787151892561651,-0.6078833247305884,1.6714291252008004,4.015109817747551
