Pearson,Spearman,Adjusted_R2,R2,MAE,MSE
0.005455782676573062,-0.0102879019563541,-0.2998133637196263,-0.01724524117188131,2.014502707948076,5.161287760549772
