Metric,Correlation,P-Value
Pearson,0.2616242709022161,5.090327943582943e-05
Spearman,0.22956946092436895,0.0003996229440983162
