Metric,Correlation,P-Value
Pearson,0.3571995576622681,1.8942687366110896e-08
Spearman,0.35568000746594747,2.1963347053817354e-08
