mae,r2,rho,rs
0.5068060728258613,0.2769571036231226,0.5630858774594856,0.5020063202335078
