mae,r2,rho,rs
0.5874648002971528,0.4285754769596899,0.6664399397367491,0.6580708777368008
