Pearson,Spearman,Adjusted_R2,R2,MAE,MSE
0.26587314817598273,0.36420658451880566,-0.19846162000404877,0.056530214039365756,1.8895492752393086,4.4945852303402445
