Pearson,Spearman,Adjusted_R2,BIC
0.4817624884789194,0.448859945436732,0.21540151042073585,467.84281679392024
