Pearson,Spearman,Adjusted_R2,BIC
0.2607337499629922,0.187112700257708,-0.04567863256075233,762.7490901807904
