Metric,Correlation,P-Value
Pearson,0.444159156068744,9.852301186769176e-13
Spearman,0.41031604030723473,6.44801339709378e-11
Adjusted R²,0.19032737631727237,
BIC,508.46269208565553,
