Pearson,Spearman,Adjusted_R2,BIC
0.2351650893944358,0.23451651388326308,0.02171337906615589,51821.156624097406
