Metric,Correlation,P-Value
Pearson,0.23671185353332724,0.0002585218747255946
Spearman,0.23844699526436053,0.00023209760303546855
