Pearson,Spearman,Adjusted_R2,R2,MAE,MSE
0.6018592867488679,0.5725587342986608,-0.9116023607514232,-0.8309440332935574,1.2689118024681796,2.1372758001801304
