Pearson,Spearman,Adjusted_R2,R2,MAE,MSE
0.6434311702773318,0.619959904956494,0.19995795349954293,0.23371500187508965,1.6569839445482784,3.786241177798176
