Pearson,Spearman,Adjusted_R2,BIC
0.26653739152403905,0.23787028202069033,0.038012569741076696,51810.78765780036
