Pearson,Spearman,Adjusted_R2,R2,MAE,MSE
0.3101698486499658,0.17509877428594428,-0.19808655235802708,0.05682548005857435,0.6335146824518839,0.681181597735474
