Pearson,Spearman,Adjusted_R2,BIC
0.11421343005668969,0.06641268357423423,-0.03081997205667153,801.4129952904509
