Pearson,Spearman,Adjusted_R2,R2,MAE,MSE
0.2877955106473912,0.2113169176850787,-0.21213439824804103,0.05137307963196791,1.3538066681395187,2.939927522335694
