Pearson,Spearman,Adjusted_R2,BIC
0.2159550833746512,0.20668491956071475,0.013331326350997985,50329.659476218796
