Pearson,Spearman,Adjusted_R2,R2,MAE,MSE
0.41546701785789336,0.3505832682367119,0.1348126759875643,0.1719451791640637,1.58815285588941,3.5763814137105014
