mae,r2,rho,rs
0.4326506772013598,0.3916593627742925,0.6510855037201077,0.6100799732564982
