mae,r2,rho,rs
0.5707852668604072,0.47890924334871177,0.70675732006153,0.6767196418403151
