N,rho,rs
1,0.3960244725561068,0.43459767086331996
2,0.4802072599321295,0.5201517524776511
3,0.5024426342140744,0.5392269090433867
4,0.46306931297478354,0.5253283706748724
5,0.5084761809970662,0.5556598649241381
6,0.48035553016033716,0.5296379697390051
7,0.4807227356482671,0.5205498397321263
8,0.47118596587816564,0.5299071641860882
9,0.47021593425298686,0.5195826834976788
10,0.47358355444649475,0.5256345374185615
