N,rho,rs
1,0.42264009187917956,0.4653638268943839
2,0.48940713604178543,0.5468860943864224
3,0.528319181950138,0.5794216349667021
4,0.5246631804889532,0.5764215747135512
5,0.5382976231663041,0.6024981930472483
6,0.508386357320439,0.5727111768859402
7,0.5268607550311569,0.5862214246431867
8,0.5564663965424701,0.6053002818704328
9,0.535827154705689,0.5867205923088256
10,0.5223195319265401,0.5820776345782576
