mae,r2,rho,rs
0.6090965925379003,0.3639310984383347,0.6322589675146062,0.6082896600450164
