mae,r2,rho,rs
0.574684370111446,0.330838265121406,0.6067961274511888,0.5801785827131721
