N,rho,rs
1,0.42522705905320624,0.48601219110661964
2,0.46028858137857337,0.502351446997864
3,0.4566768566714507,0.5047023837736606
4,0.4505546469531107,0.4975196019739129
5,0.47618877616197597,0.5138326411263981
6,0.5007034105024284,0.5464756659311034
7,0.4915535099276657,0.5418046647575983
8,0.5094766185276395,0.5503882066817862
9,0.4916884600966792,0.5364843178615709
10,0.5281430620513031,0.5811993400904528
