N,rho,rs
1,0.4411464650491662,0.45193689523357045
2,0.49780440696561506,0.5346795240563518
3,0.42789674095408314,0.4741447481170232
4,0.48722624126956643,0.5375527728900161
5,0.49018827370524265,0.545818961639933
6,0.5225903741544177,0.5638707851566191
7,0.5314988047666207,0.5792342627457107
8,0.4868468180816734,0.5462214474666148
9,0.5265581677262527,0.5700353492271015
10,0.5145961807966378,0.5683423873915885
