Pearson,Spearman,Adjusted_R2,BIC
0.16744571590318794,0.18431689391806708,-0.016142020054108253,776.1187569586853
