Pearson,Spearman,Adjusted_R2,R2,MAE,MSE
0.19009821129510934,0.0912428810278014,-0.23555234719602525,0.033045989150936705,0.7604812611924839,0.9232019026009967
