Pearson,Spearman,Adjusted_R2,R2,MAE,MSE
0.5538308194293455,0.5316873914696626,0.10822372449645179,0.14585141544596858,1.5946564534131218,3.4014698584776246
