Pearson,Spearman,Adjusted_R2,R2,MAE,MSE
0.3833672421179395,0.3923683529323853,0.08013702736282491,0.11894981101840185,1.0328869418937618,1.8168510429094435
