Pearson,Spearman,Adjusted_R2,BIC
0.2250805372263932,0.16612217819573727,0.02956483153230227,529.2092961482971
