Pearson,Spearman,Adjusted_R2,BIC
0.22585076409360774,0.20991923755531605,0.021551915541183332,50356.594733493155
