Pearson,Spearman,Adjusted_R2,R2,MAE,MSE
0.5453596880874325,0.5317221222393493,-0.6723755536314101,-0.6018111842798737,1.6048218356461081,3.6495526230532533
