Metric,Correlation,P-Value
Pearson,0.2955091558469953,4.238207798886326e-06
Spearman,0.35235495577142234,3.027826888065909e-08
