Metric,Correlation,P-Value
Pearson,0.14203587550657526,0.02984658944120918
Spearman,0.12987082493484337,0.04720958620628006
