Pearson,Spearman,Adjusted_R2,BIC
0.2306731071294823,0.22828268134859647,0.029505497616965783,51723.5220399853
