Pearson,Spearman,Adjusted_R2,R2,MAE,MSE
0.49832054091823574,0.45920659481717674,-3.4474510552161943,-3.256573327524513,1.8034612724923682,5.022378365142751
