Pearson,Spearman,Adjusted_R2,BIC
0.2956426474889563,0.295292935013767,0.05913834503684545,51770.075006539635
