Metric,Correlation,P-Value
Pearson,0.3341691708385956,1.643423635006445e-07
Spearman,0.36348813870491015,1.018377806351813e-08
