mae,r2,rho,rs
0.7918161394206161,-0.06384321276305845,0.1119929205832578,0.08269256004511949
