mae,r2,rho,rs
0.5635735424448972,0.12367856821501959,0.39913880254962086,0.34391539757983836
