mae,r2,rho,rs
0.6586060959606679,0.1346784474401741,0.4231260142072689,0.4099635318839482
