mae,r2,rho,rs
0.6547827908992917,0.21201067862486225,0.4961819325547866,0.5101817148650184
