Pearson,Spearman,Adjusted_R2,R2,MAE,MSE
0.4289373441691081,0.37561897478695216,0.06455577576542548,0.10470359654802519,1.4997630353666778,3.500429734330777
