Pearson,Spearman,Adjusted_R2,BIC
0.2684042674040393,0.35290588119788785,0.00729951476725943,757.7337482112579
