Pearson,Spearman,Adjusted_R2,R2,MAE,MSE
0.4044562862796529,0.4301179142856838,-0.126717291557934,0.1182212500850951,1.255079817264638,2.1339923934110825
