Pearson,Spearman,Adjusted_R2,BIC
-0.007936952708843814,0.0021608843004365854,-0.021674765755212766,795.968885829698
