Pearson,Spearman,Adjusted_R2,R2,MAE,MSE
0.20068815501710882,0.16705272956197106,-0.23796698786902626,0.031156270363370764,2.3464216374336404,6.951640160588761
