Pearson,Spearman,Adjusted_R2,R2,MAE,MSE
0.3780854535875158,0.4131764741238952,-0.1255363810342225,0.11914544092973889,1.4490503503921184,3.377473116942106
