Pearson,Spearman,Adjusted_R2,R2,MAE,MSE
0.5192144689722689,0.4982787002680371,0.016761633827492184,0.05824848472084698,1.8257976730330652,4.744935305674195
