mae,r2,rho,rs
0.6160556220585626,0.3846829704097483,0.6490054004312888,0.5938202547279424
