mae,r2,rho,rs
0.5604029105236906,0.3434676088827414,0.6309855358724438,0.6173028531683596
