Metric,Correlation,P-Value
Pearson,0.21608452152517432,0.0007914366081801049
Spearman,0.2097118312240328,0.001135886356148336
