Pearson,Spearman
0.6198162706690203,0.6101466745721184
