Pearson,Spearman,Adjusted_R2,R2,MAE,MSE
0.24141830293759858,0.19890373357284463,-0.1980178271797597,0.05687958285848704,1.7062001824378967,4.007852432392601
