Pearson,Spearman,Adjusted_R2,R2,MAE,MSE
0.14317187574237356,0.19846891190163715,-0.2501955369982545,0.015803513426906113,1.7256689667701721,4.2815110177613365
