Pearson,Spearman,Adjusted_R2,R2,MAE,MSE
0.5214737134696192,0.4808300847351165,0.23475095911520127,0.2675942655909437,1.476191965942709,3.1022778653108563
