Pearson,Spearman,Adjusted_R2,BIC
0.1975891700247394,0.16334306373102142,-0.05247837892597618,906.3924607111067
