Pearson,Spearman,Adjusted_R2,R2,MAE,MSE
0.2456478481394439,0.2349646403018362,-0.19446832010872317,0.059673875659090214,1.8739308416843414,4.697957472781343
