Metric,Correlation,P-Value
Pearson,0.4278114899029045,5.2090003623395156e-12
Spearman,0.40031361277365035,1.4229030300572128e-10
