Metric,Correlation,P-Value
Pearson,0.4917052841863812,1.1968082308936945e-15
Spearman,0.4707932458294523,2.606987687170249e-14
