Pearson,Spearman,Adjusted_R2,BIC
0.20277376700581332,0.19811260945983578,-0.008110055334170715,754.6926644940622
