Pearson,Spearman,Adjusted_R2,R2,MAE,MSE
0.29802335304827476,0.3021332693500065,-0.18565525720188691,0.0720958856680885,1.4135581067267886,3.245947378859499
