Pearson,Spearman,Adjusted_R2,R2,MAE,MSE
0.2589668696650557,0.2602635424591101,-0.2281798007143363,0.038815808136606345,1.8130908468936353,4.516564921476698
