Metric,Correlation,P-Value
Pearson,0.21300689101208511,0.00104309495288489
Spearman,0.18749158849340625,0.003998503795272501
