Pearson,Spearman,Adjusted_R2,BIC
0.16689652149383333,0.16593563971595343,-0.006106967746035918,50401.96061487315
