Pearson,Spearman,Adjusted_R2,R2,MAE,MSE
0.4690573125321531,0.4491205549444232,-0.02917222825228971,0.18980058626947405,1.7730908791224163,5.071834263991048
