rho,rs
0.4037689582140123,0.3844178022601603
