rho,rs
0.2705807536748158,0.25749751589007824
