N,rho,rs
1,0.551550652177683,0.519496784595068
2,0.583882497124821,0.5505500719127301
3,0.5798599975202496,0.5401219541570667
4,0.6164521337922618,0.5885905210316068
5,0.6187251462002903,0.5578057583806799
6,0.617329660317867,0.5782611096998572
7,0.6533704833195814,0.6101301688640759
8,0.6207467699920262,0.5696996188570421
9,0.6141093868559954,0.5700745305958436
10,0.616712451806584,0.5691704140280704
