rho,rs
0.3892584137601093,0.38512424094430575
