N,rho,rs
1,0.5275543517006807,0.5232901101585713
2,0.5880852511876112,0.5865101191944074
3,0.6361497206595209,0.6382146771207966
4,0.6178404181102288,0.6152839809575655
5,0.6176027517143936,0.6098971728799465
6,0.6210278101497786,0.6222669495301476
7,0.6324143382186905,0.6339478082850432
8,0.6575828470588314,0.6573475455055837
9,0.6338433099733101,0.622493868326118
10,0.6727053269122275,0.6789787302889057
