rho,rs
0.34094895911374523,0.32962103702376117
