N,rho,rs
1,0.4877109771649953,0.477238527239563
2,0.5952397644177749,0.5986072040670861
3,0.6697014895198959,0.6758368886679229
4,0.6361033453979792,0.6342974387991099
5,0.6290729982194193,0.627871509503904
6,0.6115200542867624,0.6076194611076235
7,0.6323118246030919,0.6191798638508804
8,0.6562316466492054,0.6524557162829596
9,0.6675489329699478,0.6554064301074094
10,0.6653848765514014,0.6567610478837853
