Pearson,Spearman,Adjusted_R2,BIC
0.1897439662757324,0.17055736380307815,0.001727315768732418,51813.66802884012
