Metric,Correlation,P-Value
Pearson,0.3123464203119494,8.795003494785686e-07
Spearman,0.30263768163750643,1.971799350950257e-06
