Pearson,Spearman,Adjusted_R2,BIC
0.15732218992311595,0.11362382724092053,-0.019579261674058435,845.9567211148574
