Metric,Correlation,P-Value
Pearson,0.3024658891175403,2.4419396380024004e-06
Spearman,0.279435517142558,1.435330243256149e-05
