Metric,Correlation,P-Value
Pearson,0.16549289353215135,0.011228518909156522
Spearman,0.16851719148351224,0.009808498219621738
